t,y_aprox,y_exact,error
0.0,0.0,0.0,0.0
0.5,0.0,0.2836165218671416,0.2836165218671416
1.0,1.1204222675845161,3.2190993190394916,2.0986770514549757
