t,y_aprox,y_exact,error
2.0,1.0,1.0,0.0
2.5,2.0,1.8333333333333335,0.16666666666666652
3.0,2.625,2.5,0.125
